{"cameraMode":{"drawMode":0,"name":"Shaded","section":"Shading Mode"},"sceneLighting":false,"audioPlay":false,"sceneViewState":{"showFog":true,"showMaterialUpdate":false,"showSkybox":true,"showFlares":true,"showImageEffects":true,"showParticleSystems":true},"in2DMode":false,"pivot":{"x":-0.05000005662441254,"y":1.4200000762939454,"z":0.23599958419799806},"rotation":{"x":0.30903592705726626,"y":-0.6410062909126282,"z":0.31559130549430849,"w":0.6276851296424866},"size":4.941658973693848,"orthographic":false}