{"cameraMode":{"drawMode":0,"name":"Shaded","section":"Shading Mode"},"sceneLighting":false,"audioPlay":false,"sceneViewState":{"showFog":true,"showMaterialUpdate":false,"showSkybox":true,"showFlares":true,"showImageEffects":true,"showParticleSystems":true},"in2DMode":false,"pivot":{"x":0.1469999998807907,"y":1.13100004196167,"z":3.937000036239624},"rotation":{"x":0.30903592705726626,"y":-0.6410062909126282,"z":0.31559130549430849,"w":0.6276851296424866},"size":0.4041658341884613,"orthographic":false}