{"cameraMode":{"drawMode":0,"name":"Shaded","section":"Shading Mode"},"sceneLighting":true,"audioPlay":false,"sceneViewState":{"showFog":true,"showMaterialUpdate":false,"showSkybox":true,"showFlares":true,"showImageEffects":true,"showParticleSystems":true},"in2DMode":false,"pivot":{"x":16.979999542236329,"y":1.0299999713897706,"z":-14.960000038146973},"rotation":{"x":0.16082550585269929,"y":0.617281436920166,"z":-0.130797877907753,"w":0.7589654326438904},"size":3.9157564640045168,"orthographic":false}