{"cameraMode":{"drawMode":0,"name":"Shaded","section":"Shading Mode"},"sceneLighting":true,"audioPlay":false,"sceneViewState":{"showFog":true,"showMaterialUpdate":false,"showSkybox":true,"showFlares":true,"showImageEffects":true,"showParticleSystems":true},"in2DMode":false,"pivot":{"x":31.88665771484375,"y":1.262471079826355,"z":-17.01000213623047},"rotation":{"x":0.03776391223073006,"y":0.8943870663642883,"z":-0.076935775578022,"w":0.439010351896286},"size":5.849362373352051,"orthographic":false}