{"cameraMode":{"drawMode":0,"name":"Shaded","section":"Shading Mode"},"sceneLighting":true,"audioPlay":false,"sceneViewState":{"showFog":true,"showMaterialUpdate":false,"showSkybox":true,"showFlares":true,"showImageEffects":true,"showParticleSystems":true},"in2DMode":false,"pivot":{"x":48.678367614746097,"y":-2.3134336471557619,"z":-21.4302921295166},"rotation":{"x":0.12342370301485062,"y":0.8630493879318237,"z":-0.25455135107040408,"w":0.4184846580028534},"size":6.992867946624756,"orthographic":false}