{"cameraMode":{"drawMode":0,"name":"Shaded","section":"Shading Mode"},"sceneLighting":true,"audioPlay":false,"sceneViewState":{"showFog":true,"showMaterialUpdate":false,"showSkybox":true,"showFlares":true,"showImageEffects":true,"showParticleSystems":true},"in2DMode":false,"pivot":{"x":425.7366943359375,"y":-31.487552642822267,"z":-71.13911437988281},"rotation":{"x":0.34548720717430117,"y":-0.08569339662790299,"z":0.0320524126291275,"w":0.9340440630912781},"size":1179.615234375,"orthographic":false}