{"cameraMode":{"drawMode":0,"name":"Shaded","section":"Shading Mode"},"sceneLighting":true,"audioPlay":false,"sceneViewState":{"showFog":true,"showMaterialUpdate":false,"showSkybox":true,"showFlares":true,"showImageEffects":true,"showParticleSystems":true},"in2DMode":false,"pivot":{"x":51.88999938964844,"y":34.607330322265628,"z":-49.98020935058594},"rotation":{"x":0.10418348759412766,"y":-0.02045958675444126,"z":-0.0024095908738672735,"w":-0.9944252371788025},"size":466.4959411621094,"orthographic":false}