{"cameraMode":{"drawMode":0,"name":"Shaded","section":"Shading Mode"},"sceneLighting":true,"audioPlay":false,"sceneViewState":{"showFog":true,"showMaterialUpdate":false,"showSkybox":true,"showFlares":true,"showImageEffects":true,"showParticleSystems":true},"in2DMode":false,"pivot":{"x":-6.39146614074707,"y":5.182682991027832,"z":5.859340667724609},"rotation":{"x":-0.015741080045700074,"y":0.9823665022850037,"z":-0.10092325508594513,"w":-0.15725168585777284},"size":2.336486339569092,"orthographic":false}