{"cameraMode":{"drawMode":0,"name":"Shaded","section":"Shading Mode"},"sceneLighting":true,"audioPlay":false,"sceneViewState":{"showFog":true,"showMaterialUpdate":false,"showSkybox":true,"showFlares":true,"showImageEffects":true,"showParticleSystems":true},"in2DMode":false,"pivot":{"x":-0.29705810546875,"y":2.6200027465820314,"z":18.965999603271486},"rotation":{"x":-0.17684829235076905,"y":-0.10700248926877976,"z":0.019051918759942056,"w":-0.9782925248146057},"size":1.340533971786499,"orthographic":false}