{"cameraMode":{"drawMode":0,"name":"Shaded","section":"Shading Mode"},"sceneLighting":false,"audioPlay":false,"sceneViewState":{"showFog":true,"showMaterialUpdate":false,"showSkybox":true,"showFlares":true,"showImageEffects":true,"showParticleSystems":true},"in2DMode":false,"pivot":{"x":-168.83006286621095,"y":-119.01019287109375,"z":407.3539123535156},"rotation":{"x":0.12904685735702516,"y":-0.21368467807769776,"z":0.028846921399235727,"w":0.9680027365684509},"size":22.0,"orthographic":false}