{"cameraMode":{"drawMode":0,"name":"Shaded","section":"Shading Mode"},"sceneLighting":true,"audioPlay":false,"sceneViewState":{"showFog":true,"showMaterialUpdate":false,"showSkybox":true,"showFlares":true,"showImageEffects":true,"showParticleSystems":true},"in2DMode":false,"pivot":{"x":-11.425216674804688,"y":5.231371879577637,"z":-29.423532485961915},"rotation":{"x":0.10767416656017304,"y":0.18528129160404206,"z":-0.020407583564519883,"w":0.9765766859054565},"size":5.342450141906738,"orthographic":false}