{"cameraMode":{"drawMode":0,"name":"Shaded","section":"Shading Mode"},"sceneLighting":true,"audioPlay":false,"sceneViewState":{"showFog":true,"showMaterialUpdate":false,"showSkybox":true,"showFlares":true,"showImageEffects":true,"showParticleSystems":true},"in2DMode":false,"pivot":{"x":17.799091339111329,"y":-1.6303448677062989,"z":36.16666030883789},"rotation":{"x":-0.18348535895347596,"y":0.27369216084480288,"z":-0.0535530224442482,"w":-0.9427112340927124},"size":18.69880485534668,"orthographic":false}