{"cameraMode":{"drawMode":0,"name":"Shaded","section":"Shading Mode"},"sceneLighting":true,"audioPlay":false,"sceneViewState":{"showFog":true,"showMaterialUpdate":false,"showSkybox":true,"showFlares":true,"showImageEffects":true,"showParticleSystems":true},"in2DMode":false,"pivot":{"x":406.9440002441406,"y":323.3322448730469,"z":138.1385498046875},"rotation":{"x":0.1772383749485016,"y":-0.08115066587924957,"z":0.01499865297228098,"w":0.98078852891922},"size":1179.615234375,"orthographic":false}