{"cameraMode":{"drawMode":0,"name":"Shaded","section":"Shading Mode"},"sceneLighting":true,"audioPlay":false,"sceneViewState":{"showFog":true,"showMaterialUpdate":false,"showSkybox":true,"showFlares":true,"showImageEffects":true,"showParticleSystems":true},"in2DMode":false,"pivot":{"x":41.862056732177737,"y":0.6883442997932434,"z":7.450870513916016},"rotation":{"x":0.17098335921764375,"y":-0.6714135408401489,"z":0.16346018016338349,"w":0.7023202776908875},"size":25.291793823242189,"orthographic":false}