{"cameraMode":{"drawMode":0,"name":"Shaded","section":"Shading Mode"},"sceneLighting":false,"audioPlay":false,"sceneViewState":{"showFog":true,"showMaterialUpdate":false,"showSkybox":true,"showFlares":true,"showImageEffects":true,"showParticleSystems":true},"in2DMode":false,"pivot":{"x":-22.8700008392334,"y":1.0107712745666505,"z":-19.81999969482422},"rotation":{"x":-0.3389190435409546,"y":-0.6449940204620361,"z":0.3866342306137085,"w":-0.5653839707374573},"size":40.72588348388672,"orthographic":false}