{"cameraMode":{"drawMode":0,"name":"Shaded","section":"Shading Mode"},"sceneLighting":false,"audioPlay":false,"sceneViewState":{"showFog":true,"showMaterialUpdate":false,"showSkybox":true,"showFlares":true,"showImageEffects":true,"showParticleSystems":true},"in2DMode":false,"pivot":{"x":42.179996490478519,"y":1.0107674598693848,"z":29.610000610351564},"rotation":{"x":-0.3389190435409546,"y":-0.6449940204620361,"z":0.3866342306137085,"w":-0.5653839707374573},"size":35.487728118896487,"orthographic":false}