{"cameraMode":{"drawMode":0,"name":"Shaded","section":"Shading Mode"},"sceneLighting":false,"audioPlay":false,"sceneViewState":{"showFog":true,"showMaterialUpdate":false,"showSkybox":true,"showFlares":true,"showImageEffects":true,"showParticleSystems":true},"in2DMode":false,"pivot":{"x":1.3283190727233887,"y":0.2098650336265564,"z":6.094081401824951},"rotation":{"x":-0.3389190435409546,"y":-0.6449940204620361,"z":0.3866342306137085,"w":-0.5653839707374573},"size":75.16242980957031,"orthographic":false}