{"cameraMode":{"drawMode":0,"name":"Shaded","section":"Shading Mode"},"sceneLighting":false,"audioPlay":false,"sceneViewState":{"showFog":true,"showMaterialUpdate":false,"showSkybox":true,"showFlares":true,"showImageEffects":true,"showParticleSystems":true},"in2DMode":false,"pivot":{"x":0.010533571243286133,"y":0.010585367679595948,"z":0.12413612008094788},"rotation":{"x":0.224041149020195,"y":-0.42718517780303957,"z":0.11012526601552963,"w":0.8690295815467835},"size":0.6168948411941528,"orthographic":false}