{"cameraMode":{"drawMode":0,"name":"Shaded","section":"Shading Mode"},"sceneLighting":false,"audioPlay":false,"sceneViewState":{"showFog":true,"showMaterialUpdate":false,"showSkybox":true,"showFlares":true,"showImageEffects":true,"showParticleSystems":true},"in2DMode":false,"pivot":{"x":19.59000015258789,"y":2.7525696754455568,"z":30.926090240478517},"rotation":{"x":-0.3389190435409546,"y":-0.6449940204620361,"z":0.3866342306137085,"w":-0.5653839707374573},"size":57.853824615478519,"orthographic":false}