{"cameraMode":{"drawMode":0,"name":"Shaded","section":"Shading Mode"},"sceneLighting":false,"audioPlay":false,"sceneViewState":{"showFog":true,"showMaterialUpdate":false,"showSkybox":true,"showFlares":true,"showImageEffects":true,"showParticleSystems":true},"in2DMode":false,"pivot":{"x":15.542387962341309,"y":1.3538891077041627,"z":0.73014235496521},"rotation":{"x":-0.0777786448597908,"y":-0.6984239220619202,"z":0.07678180187940598,"w":-0.7073125243186951},"size":5.796600818634033,"orthographic":false}