{"cameraMode":{"drawMode":0,"name":"Shaded","section":"Shading Mode"},"sceneLighting":true,"audioPlay":false,"sceneViewState":{"showFog":true,"showMaterialUpdate":false,"showSkybox":true,"showFlares":true,"showImageEffects":true,"showParticleSystems":true},"in2DMode":false,"pivot":{"x":37.81576919555664,"y":4.891655921936035,"z":0.9311930537223816},"rotation":{"x":-0.01800113171339035,"y":-0.8952310085296631,"z":0.03627880662679672,"w":-0.4437882900238037},"size":3.537869453430176,"orthographic":false}