{"cameraMode":{"drawMode":0,"name":"Shaded","section":"Shading Mode"},"sceneLighting":false,"audioPlay":false,"sceneViewState":{"showFog":true,"showMaterialUpdate":false,"showSkybox":true,"showFlares":true,"showImageEffects":true,"showParticleSystems":true},"in2DMode":false,"pivot":{"x":-2.6105494499206545,"y":1.099348545074463,"z":-0.7035007476806641},"rotation":{"x":-0.3389190435409546,"y":-0.6449940204620361,"z":0.3866342306137085,"w":-0.5653839707374573},"size":9.33763313293457,"orthographic":false}