{"cameraMode":{"drawMode":0,"name":"Shaded","section":"Shading Mode"},"sceneLighting":false,"audioPlay":false,"sceneViewState":{"showFog":true,"showMaterialUpdate":false,"showSkybox":true,"showFlares":true,"showImageEffects":true,"showParticleSystems":true},"in2DMode":false,"pivot":{"x":-27.21670150756836,"y":-0.13124489784240724,"z":-1.8636919260025025},"rotation":{"x":0.11017479747533798,"y":-0.8641539216041565,"z":0.21588431298732758,"w":0.4410204589366913},"size":3.537869453430176,"orthographic":false}