{"cameraMode":{"drawMode":0,"name":"Shaded","section":"Shading Mode"},"sceneLighting":true,"audioPlay":false,"sceneViewState":{"showFog":true,"showMaterialUpdate":false,"showSkybox":true,"showFlares":true,"showImageEffects":true,"showParticleSystems":true},"in2DMode":false,"pivot":{"x":17.9988956451416,"y":0.8461368680000305,"z":5.759299278259277},"rotation":{"x":-0.1925831139087677,"y":-0.014749230816960335,"z":0.002898952690884471,"w":-0.981204092502594},"size":5.911406517028809,"orthographic":false}