{"cameraMode":{"drawMode":0,"name":"Shaded","section":"Shading Mode"},"sceneLighting":true,"audioPlay":false,"sceneViewState":{"showFog":true,"showMaterialUpdate":false,"showSkybox":true,"showFlares":true,"showImageEffects":true,"showParticleSystems":true},"in2DMode":false,"pivot":{"x":352.35400390625,"y":136.58807373046876,"z":514.1336059570313},"rotation":{"x":0.15253861248493195,"y":-0.04683117941021919,"z":0.007236306555569172,"w":0.9871633648872376},"size":607.2892456054688,"orthographic":false}