{"cameraMode":{"drawMode":0,"name":"Shaded","section":"Shading Mode"},"sceneLighting":true,"audioPlay":false,"sceneViewState":{"showFog":true,"showMaterialUpdate":false,"showSkybox":true,"showFlares":true,"showImageEffects":true,"showParticleSystems":true},"in2DMode":false,"pivot":{"x":361.2771301269531,"y":155.14910888671876,"z":0.0},"rotation":{"x":0.026612846180796624,"y":-0.9717813730239868,"z":0.1916438341140747,"w":0.13495707511901856},"size":835.9425659179688,"orthographic":false}