{"cameraMode":{"drawMode":0,"name":"Shaded","section":"Shading Mode"},"sceneLighting":true,"audioPlay":false,"sceneViewState":{"showFog":true,"showMaterialUpdate":false,"showSkybox":true,"showFlares":true,"showImageEffects":true,"showParticleSystems":true},"in2DMode":false,"pivot":{"x":9.494889259338379,"y":0.05803889036178589,"z":0.5954009294509888},"rotation":{"x":0.04770013689994812,"y":0.5832736492156982,"z":-0.03434104472398758,"w":0.8101490139961243},"size":3.6432647705078127,"orthographic":false}