{"cameraMode":{"drawMode":0,"name":"Shaded","section":"Shading Mode"},"sceneLighting":true,"audioPlay":false,"sceneViewState":{"showFog":true,"showMaterialUpdate":false,"showSkybox":true,"showFlares":true,"showImageEffects":true,"showParticleSystems":true},"in2DMode":false,"pivot":{"x":-17.468168258666993,"y":-45.12742233276367,"z":29.26248550415039},"rotation":{"x":0.3933360278606415,"y":-0.2081095427274704,"z":0.09189063310623169,"w":0.8907986283302307},"size":67.14932250976563,"orthographic":false}