{"cameraMode":{"drawMode":0,"name":"Shaded","section":"Shading Mode"},"sceneLighting":true,"audioPlay":false,"sceneViewState":{"showFog":true,"showMaterialUpdate":false,"showSkybox":true,"showFlares":true,"showImageEffects":true,"showParticleSystems":true},"in2DMode":false,"pivot":{"x":4.447047233581543,"y":2.609809160232544,"z":3.3380842208862306},"rotation":{"x":-0.1479576677083969,"y":0.8317946791648865,"z":-0.2647158205509186,"w":-0.4649279713630676},"size":3.007394790649414,"orthographic":false}