{"cameraMode":{"drawMode":0,"name":"Shaded","section":"Shading Mode"},"sceneLighting":true,"audioPlay":false,"sceneViewState":{"showFog":true,"showMaterialUpdate":false,"showSkybox":true,"showFlares":true,"showImageEffects":true,"showParticleSystems":true},"in2DMode":false,"pivot":{"x":0.08188354969024658,"y":1.2249977588653565,"z":2.1668171882629396},"rotation":{"x":-0.24939148128032685,"y":-0.11272485554218292,"z":0.029244598001241685,"w":-0.9614064693450928},"size":5.857884883880615,"orthographic":false}