{"cameraMode":{"drawMode":0,"name":"Shaded","section":"Shading Mode"},"sceneLighting":true,"audioPlay":false,"sceneViewState":{"showFog":true,"showMaterialUpdate":false,"showSkybox":true,"showFlares":true,"showImageEffects":true,"showParticleSystems":true},"in2DMode":false,"pivot":{"x":593.2279052734375,"y":336.40484619140627,"z":174.44769287109376},"rotation":{"x":0.04829180985689163,"y":-0.002687484258785844,"z":0.00013584087719209492,"w":0.9988728761672974},"size":1116.2652587890625,"orthographic":false}