{"cameraMode":{"drawMode":0,"name":"Shaded","section":"Shading Mode"},"sceneLighting":true,"audioPlay":false,"sceneViewState":{"showFog":true,"showMaterialUpdate":false,"showSkybox":true,"showFlares":true,"showImageEffects":true,"showParticleSystems":true},"in2DMode":false,"pivot":{"x":-1.958685278892517,"y":1.6413975954055787,"z":2.668783664703369},"rotation":{"x":0.11108007282018662,"y":-0.007147895637899637,"z":0.0007709896308369935,"w":0.9938183426856995},"size":1.1894359588623047,"orthographic":false}