{"cameraMode":{"drawMode":0,"name":"Shaded","section":"Shading Mode"},"sceneLighting":true,"audioPlay":false,"sceneViewState":{"showFog":true,"showMaterialUpdate":false,"showSkybox":true,"showFlares":true,"showImageEffects":true,"showParticleSystems":true},"in2DMode":false,"pivot":{"x":-0.4451448917388916,"y":1.1852859258651734,"z":-2.0647811889648439},"rotation":{"x":0.13342607021331788,"y":-0.6926199197769165,"z":0.1327109932899475,"w":0.696381151676178},"size":2.1452343463897707,"orthographic":false}