{"cameraMode":{"drawMode":0,"name":"Shaded","section":"Shading Mode"},"sceneLighting":false,"audioPlay":false,"sceneViewState":{"showFog":true,"showMaterialUpdate":false,"showSkybox":true,"showFlares":true,"showImageEffects":true,"showParticleSystems":true},"in2DMode":false,"pivot":{"x":4.3867506980896,"y":1.6321277618408204,"z":5.824739456176758},"rotation":{"x":-0.001980301458388567,"y":-0.9905720949172974,"z":0.13637033104896546,"w":-0.014256247319281102},"size":3.0143022537231447,"orthographic":false}