{"cameraMode":{"drawMode":0,"name":"Shaded","section":"Shading Mode"},"sceneLighting":true,"audioPlay":false,"sceneViewState":{"showFog":true,"showMaterialUpdate":false,"showSkybox":true,"showFlares":true,"showImageEffects":true,"showParticleSystems":true},"in2DMode":false,"pivot":{"x":-981.739013671875,"y":-531.6082763671875,"z":2609.3974609375},"rotation":{"x":0.19066570699214936,"y":-0.03974434733390808,"z":0.007726077456027269,"w":0.9808184504508972},"size":2657.46435546875,"orthographic":false}