{"cameraMode":{"drawMode":0,"name":"Shaded","section":"Shading Mode"},"sceneLighting":false,"audioPlay":false,"sceneViewState":{"showFog":true,"showMaterialUpdate":false,"showSkybox":true,"showFlares":true,"showImageEffects":true,"showParticleSystems":true},"in2DMode":false,"pivot":{"x":0.03368198871612549,"y":0.0074465274810791019,"z":-0.5945166349411011},"rotation":{"x":0.12254912406206131,"y":0.08474332094192505,"z":-0.01050038542598486,"w":0.9887920618057251},"size":2.1258764266967775,"orthographic":false}