{"cameraMode":{"drawMode":0,"name":"Shaded","section":"Shading Mode"},"sceneLighting":true,"audioPlay":false,"sceneViewState":{"showFog":true,"showMaterialUpdate":false,"showSkybox":true,"showFlares":true,"showImageEffects":true,"showParticleSystems":true},"in2DMode":false,"pivot":{"x":6.696063041687012,"y":2.8473281860351564,"z":2.317063331604004},"rotation":{"x":0.04639866203069687,"y":0.12881293892860413,"z":-0.006064491346478462,"w":0.9905979037284851},"size":4.789435863494873,"orthographic":false}