{"cameraMode":{"drawMode":0,"name":"Shaded","section":"Shading Mode"},"sceneLighting":false,"audioPlay":false,"sceneViewState":{"showFog":true,"showMaterialUpdate":false,"showSkybox":true,"showFlares":true,"showImageEffects":true,"showParticleSystems":true},"in2DMode":false,"pivot":{"x":1.1138219833374024,"y":1.3489999771118165,"z":-1.350000023841858},"rotation":{"x":0.028634659945964814,"y":-0.5677726864814758,"z":0.019781745970249177,"w":0.8224954009056091},"size":3.7770230770111086,"orthographic":false}