{"cameraMode":{"drawMode":0,"name":"Shaded","section":"Shading Mode"},"sceneLighting":false,"audioPlay":false,"sceneViewState":{"showFog":true,"showMaterialUpdate":false,"showSkybox":true,"showFlares":true,"showImageEffects":true,"showParticleSystems":true},"in2DMode":false,"pivot":{"x":-8.47599983215332,"y":5.260000228881836,"z":0.12000000476837158},"rotation":{"x":-0.004086783155798912,"y":0.9873833656311035,"z":-0.0257842019200325,"w":-0.15620389580726624},"size":2.402588367462158,"orthographic":false}