{"cameraMode":{"drawMode":0,"name":"Shaded","section":"Shading Mode"},"sceneLighting":true,"audioPlay":false,"sceneViewState":{"showFog":true,"showMaterialUpdate":false,"showSkybox":true,"showFlares":true,"showImageEffects":true,"showParticleSystems":true},"in2DMode":false,"pivot":{"x":-20.511016845703126,"y":3.184309244155884,"z":-37.27949905395508},"rotation":{"x":-0.004086783155798912,"y":0.9873833656311035,"z":-0.0257842019200325,"w":-0.15620389580726624},"size":41.86711120605469,"orthographic":false}