{"cameraMode":{"drawMode":0,"name":"Shaded","section":"Shading Mode"},"sceneLighting":true,"audioPlay":false,"sceneViewState":{"showFog":true,"showMaterialUpdate":false,"showSkybox":true,"showFlares":true,"showImageEffects":true,"showParticleSystems":true},"in2DMode":false,"pivot":{"x":24.331619262695314,"y":-6.659380912780762,"z":-23.10854721069336},"rotation":{"x":0.1323573738336563,"y":-0.8072022795677185,"z":0.197817862033844,"w":0.5402331948280335},"size":20.31813621520996,"orthographic":false}