{"cameraMode":{"drawMode":0,"name":"Shaded","section":"Shading Mode"},"sceneLighting":false,"audioPlay":false,"sceneViewState":{"showFog":true,"showMaterialUpdate":false,"showSkybox":true,"showFlares":true,"showImageEffects":true,"showParticleSystems":true},"in2DMode":false,"pivot":{"x":-21.490259170532228,"y":1.349320888519287,"z":5.238244533538818},"rotation":{"x":0.045718010514974597,"y":-0.945709228515625,"z":0.2835811674594879,"w":0.1528344303369522},"size":6.005229473114014,"orthographic":false}