{"cameraMode":{"drawMode":0,"name":"Shaded","section":"Shading Mode"},"sceneLighting":false,"audioPlay":false,"sceneViewState":{"showFog":true,"showMaterialUpdate":false,"showSkybox":true,"showFlares":true,"showImageEffects":true,"showParticleSystems":true},"in2DMode":false,"pivot":{"x":-4.67698860168457,"y":-3.2364699840545656,"z":-37.393096923828128},"rotation":{"x":-0.04702983796596527,"y":0.8024978041648865,"z":-0.06479207426309586,"w":-0.5920131206512451},"size":32.65715789794922,"orthographic":false}