{"cameraMode":{"drawMode":0,"name":"Shaded","section":"Shading Mode"},"sceneLighting":false,"audioPlay":false,"sceneViewState":{"showFog":true,"showMaterialUpdate":false,"showSkybox":true,"showFlares":true,"showImageEffects":true,"showParticleSystems":true},"in2DMode":false,"pivot":{"x":23.87169647216797,"y":3.105435609817505,"z":24.600046157836915},"rotation":{"x":-0.11955403536558151,"y":-0.05402849242091179,"z":0.006451169494539499,"w":-0.9914049506187439},"size":0.7069036364555359,"orthographic":false}