{"cameraMode":{"drawMode":0,"name":"Shaded","section":"Shading Mode"},"sceneLighting":false,"audioPlay":false,"sceneViewState":{"showFog":true,"showMaterialUpdate":false,"showSkybox":true,"showFlares":true,"showImageEffects":true,"showParticleSystems":true},"in2DMode":false,"pivot":{"x":6.956044673919678,"y":15.37061882019043,"z":-18.172584533691408},"rotation":{"x":0.26337316632270815,"y":-0.6164093613624573,"z":0.23063291609287263,"w":0.7054988145828247},"size":6.298839092254639,"orthographic":false}