{"cameraMode":{"drawMode":0,"name":"Shaded","section":"Shading Mode"},"sceneLighting":false,"audioPlay":false,"sceneViewState":{"showFog":true,"showMaterialUpdate":false,"showSkybox":true,"showFlares":true,"showImageEffects":true,"showParticleSystems":true},"in2DMode":false,"pivot":{"x":18.475921630859376,"y":1.3040598630905152,"z":2.9880459308624269},"rotation":{"x":-0.19591665267944337,"y":0.1572139412164688,"z":-0.03182987868785858,"w":-0.9674262404441834},"size":1.6989927291870118,"orthographic":false}