{"cameraMode":{"drawMode":0,"name":"Shaded","section":"Shading Mode"},"sceneLighting":true,"audioPlay":false,"sceneViewState":{"showFog":true,"showMaterialUpdate":false,"showSkybox":true,"showFlares":true,"showImageEffects":true,"showParticleSystems":true},"in2DMode":false,"pivot":{"x":17.101999282836915,"y":-7.505544185638428,"z":40.779727935791019},"rotation":{"x":0.19606508314609528,"y":-0.2971774637699127,"z":0.061064183712005618,"w":0.9330693483352661},"size":26.37321662902832,"orthographic":false}