{"cameraMode":{"drawMode":0,"name":"Shaded","section":"Shading Mode"},"sceneLighting":false,"audioPlay":false,"sceneViewState":{"showFog":true,"showMaterialUpdate":false,"showSkybox":true,"showFlares":true,"showImageEffects":true,"showParticleSystems":true},"in2DMode":false,"pivot":{"x":0.47809410095214846,"y":1.5080928802490235,"z":14.885061264038086},"rotation":{"x":-0.03807500749826431,"y":0.493435800075531,"z":-0.02349456027150154,"w":-0.8690219521522522},"size":31.83932113647461,"orthographic":false}