{"cameraMode":{"drawMode":0,"name":"Shaded","section":"Shading Mode"},"sceneLighting":false,"audioPlay":false,"sceneViewState":{"showFog":true,"showMaterialUpdate":false,"showSkybox":true,"showFlares":true,"showImageEffects":true,"showParticleSystems":true},"in2DMode":false,"pivot":{"x":36.21652603149414,"y":0.0191094521433115,"z":6.033885955810547},"rotation":{"x":0.004062081687152386,"y":-0.9946565628051758,"z":0.09428595751523972,"w":0.04343767091631889},"size":23.017539978027345,"orthographic":false}