{"cameraMode":{"drawMode":0,"name":"Shaded","section":"Shading Mode"},"sceneLighting":true,"audioPlay":false,"sceneViewState":{"showFog":true,"showMaterialUpdate":false,"showSkybox":true,"showFlares":true,"showImageEffects":true,"showParticleSystems":true},"in2DMode":false,"pivot":{"x":49.788841247558597,"y":9.741560935974121,"z":0.009336709976196289},"rotation":{"x":-0.0059332274831831459,"y":0.9918567538261414,"z":-0.11689065396785736,"w":-0.050328075885772708},"size":1.8240737915039063,"orthographic":false}