{"cameraMode":{"drawMode":0,"name":"Shaded","section":"Shading Mode"},"sceneLighting":false,"audioPlay":false,"sceneViewState":{"showFog":true,"showMaterialUpdate":false,"showSkybox":true,"showFlares":true,"showImageEffects":true,"showParticleSystems":true},"in2DMode":false,"pivot":{"x":-22.18625259399414,"y":2.238830804824829,"z":7.973894119262695},"rotation":{"x":-0.1328679919242859,"y":-0.001249557826668024,"z":-0.001361393602564931,"w":-0.991527795791626},"size":8.827153205871582,"orthographic":false}