{"cameraMode":{"drawMode":0,"name":"Shaded","section":"Shading Mode"},"sceneLighting":false,"audioPlay":false,"sceneViewState":{"showFog":true,"showMaterialUpdate":false,"showSkybox":true,"showFlares":true,"showImageEffects":true,"showParticleSystems":true},"in2DMode":false,"pivot":{"x":2.1826324462890627,"y":-3.613461494445801,"z":12.54591178894043},"rotation":{"x":0.13510791957378388,"y":-0.4221494197845459,"z":0.06330545991659165,"w":0.894547164440155},"size":26.629749298095704,"orthographic":false}