{"cameraMode":{"drawMode":0,"name":"Shaded","section":"Shading Mode"},"sceneLighting":false,"audioPlay":false,"sceneViewState":{"showFog":true,"showMaterialUpdate":false,"showSkybox":true,"showFlares":true,"showImageEffects":true,"showParticleSystems":true},"in2DMode":false,"pivot":{"x":39.50858688354492,"y":5.590948581695557,"z":26.751060485839845},"rotation":{"x":-0.00689661642536521,"y":-0.9790517687797546,"z":0.2037380188703537,"w":-0.025694269686937333},"size":3.7861921787261965,"orthographic":false}