{"cameraMode":{"drawMode":0,"name":"Shaded","section":"Shading Mode"},"sceneLighting":false,"audioPlay":false,"sceneViewState":{"showFog":true,"showMaterialUpdate":false,"showSkybox":true,"showFlares":true,"showImageEffects":true,"showParticleSystems":true},"in2DMode":false,"pivot":{"x":-8.47599983215332,"y":5.260000228881836,"z":0.12000000476837158},"rotation":{"x":0.29988163709640505,"y":0.09992428123950958,"z":-0.03160223364830017,"w":0.948203444480896},"size":2.402588367462158,"orthographic":false}