{"cameraMode":{"drawMode":0,"name":"Shaded","section":"Shading Mode"},"sceneLighting":false,"audioPlay":false,"sceneViewState":{"showFog":true,"showMaterialUpdate":false,"showSkybox":true,"showFlares":true,"showImageEffects":true,"showParticleSystems":true},"in2DMode":false,"pivot":{"x":4.66117000579834,"y":1.0748300552368165,"z":-11.339895248413086},"rotation":{"x":-0.2714424133300781,"y":0.2537306845188141,"z":-0.07441169768571854,"w":-0.9254290461540222},"size":5.331026077270508,"orthographic":false}