{"cameraMode":{"drawMode":0,"name":"Shaded","section":"Shading Mode"},"sceneLighting":true,"audioPlay":false,"sceneViewState":{"showFog":true,"showMaterialUpdate":false,"showSkybox":true,"showFlares":true,"showImageEffects":true,"showParticleSystems":true},"in2DMode":false,"pivot":{"x":41.56348419189453,"y":6.003613471984863,"z":10.96213150024414},"rotation":{"x":0.17807935178279878,"y":-0.1702745258808136,"z":0.031303390860557559,"w":0.9686668515205383},"size":30.235605239868165,"orthographic":false}