{"cameraMode":{"drawMode":0,"name":"Shaded","section":"Shading Mode"},"sceneLighting":false,"audioPlay":false,"sceneViewState":{"showFog":true,"showMaterialUpdate":false,"showSkybox":true,"showFlares":true,"showImageEffects":true,"showParticleSystems":true},"in2DMode":false,"pivot":{"x":-9.39080810546875,"y":1.4228582382202149,"z":-38.397884368896487},"rotation":{"x":0.015313453041017056,"y":-0.9297547936439514,"z":0.36599013209342959,"w":0.03924595192074776},"size":5.838777542114258,"orthographic":false}