{"cameraMode":{"drawMode":0,"name":"Shaded","section":"Shading Mode"},"sceneLighting":true,"audioPlay":false,"sceneViewState":{"showFog":true,"showMaterialUpdate":false,"showSkybox":true,"showFlares":true,"showImageEffects":true,"showParticleSystems":true},"in2DMode":false,"pivot":{"x":22.032150268554689,"y":1.629907488822937,"z":-13.26032829284668},"rotation":{"x":-0.06339331716299057,"y":-0.7428323030471802,"z":0.06916756182909012,"w":-0.6635915637016296},"size":10.091246604919434,"orthographic":false}