{"cameraMode":{"drawMode":0,"name":"Shaded","section":"Shading Mode"},"sceneLighting":false,"audioPlay":false,"sceneViewState":{"showFog":true,"showMaterialUpdate":false,"showSkybox":true,"showFlares":true,"showImageEffects":true,"showParticleSystems":true},"in2DMode":false,"pivot":{"x":24.410173416137697,"y":3.064558506011963,"z":24.200716018676759},"rotation":{"x":-0.12594373524188996,"y":-0.5327290892601013,"z":0.08046889305114746,"w":-0.8330666422843933},"size":0.7069036364555359,"orthographic":false}