{"cameraMode":{"drawMode":0,"name":"Shaded","section":"Shading Mode"},"sceneLighting":false,"audioPlay":false,"sceneViewState":{"showFog":true,"showMaterialUpdate":false,"showSkybox":true,"showFlares":true,"showImageEffects":true,"showParticleSystems":true},"in2DMode":false,"pivot":{"x":-119.39303588867188,"y":-94.67633056640625,"z":-306.83294677734377},"rotation":{"x":0.02951417863368988,"y":-0.9672071933746338,"z":0.1331547200679779,"w":0.21436330676078797},"size":350.6217346191406,"orthographic":false}