{"cameraMode":{"drawMode":0,"name":"Shaded","section":"Shading Mode"},"sceneLighting":false,"audioPlay":false,"sceneViewState":{"showFog":true,"showMaterialUpdate":false,"showSkybox":true,"showFlares":true,"showImageEffects":true,"showParticleSystems":true},"in2DMode":false,"pivot":{"x":-27.32455825805664,"y":-1.7394282817840577,"z":12.24120807647705},"rotation":{"x":-0.28969091176986697,"y":-0.6289978623390198,"z":0.27263757586479189,"w":-0.6686700582504273},"size":22.0,"orthographic":false}