{"cameraMode":{"drawMode":0,"name":"Shaded","section":"Shading Mode"},"sceneLighting":false,"audioPlay":false,"sceneViewState":{"showFog":true,"showMaterialUpdate":false,"showSkybox":true,"showFlares":true,"showImageEffects":true,"showParticleSystems":true},"in2DMode":false,"pivot":{"x":48.50914001464844,"y":9.489892959594727,"z":15.268372535705567},"rotation":{"x":-0.11469084024429321,"y":0.18542326986789704,"z":-0.02179381251335144,"w":-0.9757083058357239},"size":2.5578837394714357,"orthographic":false}