{"cameraMode":{"drawMode":0,"name":"Shaded","section":"Shading Mode"},"sceneLighting":true,"audioPlay":false,"sceneViewState":{"showFog":true,"showMaterialUpdate":false,"showSkybox":true,"showFlares":true,"showImageEffects":true,"showParticleSystems":true},"in2DMode":false,"pivot":{"x":44.07666015625,"y":9.913322448730469,"z":10.3724365234375},"rotation":{"x":-0.22426040470600129,"y":-0.32552167773246767,"z":0.07823546230792999,"w":-0.9156390428543091},"size":5.55142068862915,"orthographic":false}