{"cameraMode":{"drawMode":0,"name":"Shaded","section":"Shading Mode"},"sceneLighting":false,"audioPlay":false,"sceneViewState":{"showFog":true,"showMaterialUpdate":false,"showSkybox":true,"showFlares":true,"showImageEffects":true,"showParticleSystems":true},"in2DMode":false,"pivot":{"x":-12.165987014770508,"y":3.122901439666748,"z":-40.239097595214847},"rotation":{"x":0.0012163915671408177,"y":-0.9973863959312439,"z":0.07316309958696366,"w":0.0241360105574131},"size":6.18284797668457,"orthographic":false}