{"cameraMode":{"drawMode":0,"name":"Shaded","section":"Shading Mode"},"sceneLighting":false,"audioPlay":false,"sceneViewState":{"showFog":true,"showMaterialUpdate":false,"showSkybox":true,"showFlares":true,"showImageEffects":true,"showParticleSystems":true},"in2DMode":false,"pivot":{"x":3.0463438034057619,"y":3.9478535652160646,"z":41.881797790527347},"rotation":{"x":-0.005502230022102594,"y":0.3956892490386963,"z":-0.0024112453684210779,"w":-0.9183139801025391},"size":26.235408782958986,"orthographic":false}