{"cameraMode":{"drawMode":0,"name":"Shaded","section":"Shading Mode"},"sceneLighting":false,"audioPlay":false,"sceneViewState":{"showFog":true,"showMaterialUpdate":false,"showSkybox":true,"showFlares":true,"showImageEffects":true,"showParticleSystems":true},"in2DMode":false,"pivot":{"x":-7.867549896240234,"y":3.140604257583618,"z":-38.244056701660159},"rotation":{"x":-0.00416564429178834,"y":-0.9836592078208923,"z":0.18144279718399049,"w":-0.022039301693439485},"size":6.952983379364014,"orthographic":false}