{"cameraMode":{"drawMode":0,"name":"Shaded","section":"Shading Mode"},"sceneLighting":false,"audioPlay":false,"sceneViewState":{"showFog":true,"showMaterialUpdate":false,"showSkybox":true,"showFlares":true,"showImageEffects":true,"showParticleSystems":true},"in2DMode":false,"pivot":{"x":-7.475915431976318,"y":4.686460494995117,"z":-35.78322982788086},"rotation":{"x":0.0010262106079608203,"y":0.9906309843063355,"z":-0.1400134414434433,"w":0.005532373674213886},"size":1.2270703315734864,"orthographic":false}