{"cameraMode":{"drawMode":0,"name":"Shaded","section":"Shading Mode"},"sceneLighting":false,"audioPlay":false,"sceneViewState":{"showFog":true,"showMaterialUpdate":false,"showSkybox":true,"showFlares":true,"showImageEffects":true,"showParticleSystems":true},"in2DMode":false,"pivot":{"x":4.804762363433838,"y":1.4139094352722169,"z":-21.726329803466798},"rotation":{"x":-0.004246328491717577,"y":0.9350860118865967,"z":-0.01573239453136921,"w":-0.35500282049179079},"size":26.338287353515626,"orthographic":false}