{"cameraMode":{"drawMode":0,"name":"Shaded","section":"Shading Mode"},"sceneLighting":false,"audioPlay":false,"sceneViewState":{"showFog":true,"showMaterialUpdate":false,"showSkybox":true,"showFlares":true,"showImageEffects":true,"showParticleSystems":true},"in2DMode":false,"pivot":{"x":17.139629364013673,"y":2.5559821128845217,"z":-14.597970008850098},"rotation":{"x":0.0827140137553215,"y":-0.008660824038088322,"z":0.0007143743569031358,"w":0.9965574741363525},"size":0.17038559913635255,"orthographic":false}