{"cameraMode":{"drawMode":0,"name":"Shaded","section":"Shading Mode"},"sceneLighting":false,"audioPlay":false,"sceneViewState":{"showFog":true,"showMaterialUpdate":false,"showSkybox":true,"showFlares":true,"showImageEffects":true,"showParticleSystems":true},"in2DMode":false,"pivot":{"x":344.0330810546875,"y":168.03570556640626,"z":297.7362976074219},"rotation":{"x":-0.004385892301797867,"y":0.9880935549736023,"z":0.028753912076354028,"w":0.15119007229804994},"size":161.31744384765626,"orthographic":false}