{"cameraMode":{"drawMode":0,"name":"Shaded","section":"Shading Mode"},"sceneLighting":true,"audioPlay":false,"sceneViewState":{"showFog":true,"showMaterialUpdate":false,"showSkybox":true,"showFlares":true,"showImageEffects":true,"showParticleSystems":true},"in2DMode":false,"pivot":{"x":-23.133390426635743,"y":0.5936201810836792,"z":4.871642589569092},"rotation":{"x":0.007329243700951338,"y":-0.9921262860298157,"z":0.10336389392614365,"w":0.0703519880771637},"size":5.316856384277344,"orthographic":false}