{"cameraMode":{"drawMode":0,"name":"Shaded","section":"Shading Mode"},"sceneLighting":true,"audioPlay":false,"sceneViewState":{"showFog":true,"showMaterialUpdate":false,"showSkybox":true,"showFlares":true,"showImageEffects":true,"showParticleSystems":true},"in2DMode":false,"pivot":{"x":18.002317428588868,"y":0.8963046669960022,"z":26.00055503845215},"rotation":{"x":0.14923228323459626,"y":-0.5553551912307739,"z":0.10209371894598007,"w":0.8117479681968689},"size":1.6766350269317628,"orthographic":false}