{"cameraMode":{"drawMode":0,"name":"Shaded","section":"Shading Mode"},"sceneLighting":false,"audioPlay":false,"sceneViewState":{"showFog":true,"showMaterialUpdate":false,"showSkybox":true,"showFlares":true,"showImageEffects":true,"showParticleSystems":true},"in2DMode":false,"pivot":{"x":-22.69699478149414,"y":1.2526048421859742,"z":5.705987930297852},"rotation":{"x":0.045718010514974597,"y":-0.945709228515625,"z":0.2835811674594879,"w":0.1528344303369522},"size":2.760971784591675,"orthographic":false}