{"cameraMode":{"drawMode":0,"name":"Shaded","section":"Shading Mode"},"sceneLighting":true,"audioPlay":false,"sceneViewState":{"showFog":true,"showMaterialUpdate":false,"showSkybox":true,"showFlares":true,"showImageEffects":true,"showParticleSystems":true},"in2DMode":false,"pivot":{"x":35.73812484741211,"y":-0.6280617713928223,"z":-18.09957504272461},"rotation":{"x":-0.3103957176208496,"y":-0.06813687086105347,"z":0.020763356238603593,"w":-0.9483439326286316},"size":8.43851089477539,"orthographic":false}