{"cameraMode":{"drawMode":0,"name":"Shaded","section":"Shading Mode"},"sceneLighting":false,"audioPlay":false,"sceneViewState":{"showFog":true,"showMaterialUpdate":false,"showSkybox":true,"showFlares":true,"showImageEffects":true,"showParticleSystems":true},"in2DMode":false,"pivot":{"x":4.0837321281433109,"y":2.7726712226867677,"z":5.612810134887695},"rotation":{"x":-0.0029980773106217386,"y":-0.9974671602249146,"z":0.07614217698574066,"w":-0.008326506242156029},"size":6.093601226806641,"orthographic":false}