{"cameraMode":{"drawMode":0,"name":"Shaded","section":"Shading Mode"},"sceneLighting":true,"audioPlay":false,"sceneViewState":{"showFog":true,"showMaterialUpdate":false,"showSkybox":true,"showFlares":true,"showImageEffects":true,"showParticleSystems":true},"in2DMode":false,"pivot":{"x":61.240081787109378,"y":-17.315902709960939,"z":-129.38473510742188},"rotation":{"x":0.022787146270275117,"y":-0.9766036868095398,"z":0.16745023429393769,"w":0.13293640315532685},"size":777.44189453125,"orthographic":false}