{"cameraMode":{"drawMode":0,"name":"Shaded","section":"Shading Mode"},"sceneLighting":true,"audioPlay":false,"sceneViewState":{"showFog":true,"showMaterialUpdate":false,"showSkybox":true,"showFlares":true,"showImageEffects":true,"showParticleSystems":true},"in2DMode":false,"pivot":{"x":3.2889904975891115,"y":1.1290934085845948,"z":0.5994223356246948},"rotation":{"x":0.04593691974878311,"y":0.7468202710151672,"z":-0.05182476341724396,"w":0.6613830327987671},"size":5.77169942855835,"orthographic":false}