{"cameraMode":{"drawMode":0,"name":"Shaded","section":"Shading Mode"},"sceneLighting":false,"audioPlay":false,"sceneViewState":{"showFog":true,"showMaterialUpdate":false,"showSkybox":true,"showFlares":true,"showImageEffects":true,"showParticleSystems":true},"in2DMode":false,"pivot":{"x":2.390000104904175,"y":1.1399999856948853,"z":4.619999885559082},"rotation":{"x":0.02824164554476738,"y":-0.6277745962142944,"z":0.02279137633740902,"w":0.7775594592094421},"size":2.6898562908172609,"orthographic":false}