{"cameraMode":{"drawMode":0,"name":"Shaded","section":"Shading Mode"},"sceneLighting":true,"audioPlay":false,"sceneViewState":{"showFog":true,"showMaterialUpdate":false,"showSkybox":true,"showFlares":true,"showImageEffects":true,"showParticleSystems":true},"in2DMode":false,"pivot":{"x":623.2365112304688,"y":558.4586181640625,"z":56.870849609375},"rotation":{"x":0.11975923925638199,"y":-0.06548014283180237,"z":0.007917085662484169,"w":0.9906185865402222},"size":880.1148681640625,"orthographic":false}