{"cameraMode":{"drawMode":0,"name":"Shaded","section":"Shading Mode"},"sceneLighting":true,"audioPlay":false,"sceneViewState":{"showFog":true,"showMaterialUpdate":false,"showSkybox":true,"showFlares":true,"showImageEffects":true,"showParticleSystems":true},"in2DMode":false,"pivot":{"x":566.5930786132813,"y":169.37399291992188,"z":-123.97303009033203},"rotation":{"x":-0.01004812866449356,"y":0.9734159708023071,"z":-0.22464556992053986,"w":-0.043539442121982577},"size":7.249011516571045,"orthographic":false}