{"cameraMode":{"drawMode":0,"name":"Shaded","section":"Shading Mode"},"sceneLighting":false,"audioPlay":false,"sceneViewState":{"showFog":true,"showMaterialUpdate":false,"showSkybox":true,"showFlares":true,"showImageEffects":true,"showParticleSystems":true},"in2DMode":false,"pivot":{"x":0.025777816772460939,"y":0.07955557107925415,"z":-0.5370000004768372},"rotation":{"x":0.421175479888916,"y":0.044861096888780597,"z":-0.020863931626081468,"w":0.9056305289268494},"size":1.1638433933258057,"orthographic":false}