{"cameraMode":{"drawMode":0,"name":"Shaded","section":"Shading Mode"},"sceneLighting":true,"audioPlay":false,"sceneViewState":{"showFog":true,"showMaterialUpdate":false,"showSkybox":true,"showFlares":true,"showImageEffects":true,"showParticleSystems":true},"in2DMode":false,"pivot":{"x":-1.4868489503860474,"y":1.2658400535583497,"z":1.9292877912521363},"rotation":{"x":0.21753592789173127,"y":-0.011716385371983052,"z":0.002624011365696788,"w":0.9759571552276611},"size":2.2108452320098879,"orthographic":false}