{"cameraMode":{"drawMode":0,"name":"Shaded","section":"Shading Mode"},"sceneLighting":false,"audioPlay":false,"sceneViewState":{"showFog":true,"showMaterialUpdate":false,"showSkybox":true,"showFlares":true,"showImageEffects":true,"showParticleSystems":true},"in2DMode":false,"pivot":{"x":0.1469999998807907,"y":1.13100004196167,"z":3.937000036239624},"rotation":{"x":-0.17655600607395173,"y":0.6494626402854919,"z":-0.15874053537845612,"w":-0.72240149974823},"size":0.4041658341884613,"orthographic":false}