{"cameraMode":{"drawMode":0,"name":"Shaded","section":"Shading Mode"},"sceneLighting":true,"audioPlay":false,"sceneViewState":{"showFog":true,"showMaterialUpdate":false,"showSkybox":true,"showFlares":true,"showImageEffects":true,"showParticleSystems":true},"in2DMode":false,"pivot":{"x":-2.3030354976654054,"y":3.793276071548462,"z":-5.924108505249023},"rotation":{"x":0.23598377406597138,"y":0.06698434799909592,"z":-0.016308387741446496,"w":0.9693117141723633},"size":2.0234363079071047,"orthographic":false}