{"cameraMode":{"drawMode":0,"name":"Shaded","section":"Shading Mode"},"sceneLighting":false,"audioPlay":false,"sceneViewState":{"showFog":true,"showMaterialUpdate":false,"showSkybox":true,"showFlares":true,"showImageEffects":true,"showParticleSystems":true},"in2DMode":false,"pivot":{"x":-2.4200000762939455,"y":0.7599999904632568,"z":1.9900000095367432},"rotation":{"x":0.21753592789173127,"y":-0.011716385371983052,"z":0.002624011365696788,"w":0.9759571552276611},"size":3.401561975479126,"orthographic":false}