{"cameraMode":{"drawMode":0,"name":"Shaded","section":"Shading Mode"},"sceneLighting":true,"audioPlay":false,"sceneViewState":{"showFog":true,"showMaterialUpdate":false,"showSkybox":true,"showFlares":true,"showImageEffects":true,"showParticleSystems":true},"in2DMode":false,"pivot":{"x":562.5803833007813,"y":170.45301818847657,"z":-119.28196716308594},"rotation":{"x":-0.053485725075006488,"y":0.7696486711502075,"z":-0.06504295021295548,"w":-0.6328914165496826},"size":6.428258895874023,"orthographic":false}