{"cameraMode":{"drawMode":0,"name":"Shaded","section":"Shading Mode"},"sceneLighting":true,"audioPlay":false,"sceneViewState":{"showFog":true,"showMaterialUpdate":false,"showSkybox":true,"showFlares":true,"showImageEffects":true,"showParticleSystems":true},"in2DMode":false,"pivot":{"x":87.28630065917969,"y":-44.035831451416019,"z":186.18325805664063},"rotation":{"x":0.13626863062381745,"y":-0.04011573642492294,"z":0.005531078204512596,"w":0.989823043346405},"size":171.31613159179688,"orthographic":false}