{"cameraMode":{"drawMode":0,"name":"Shaded","section":"Shading Mode"},"sceneLighting":true,"audioPlay":false,"sceneViewState":{"showFog":true,"showMaterialUpdate":false,"showSkybox":true,"showFlares":true,"showImageEffects":true,"showParticleSystems":true},"in2DMode":false,"pivot":{"x":568.2401123046875,"y":166.38446044921876,"z":-153.55630493164063},"rotation":{"x":-0.0048370701260864738,"y":0.9944984912872315,"z":-0.09005798399448395,"w":-0.053455859422683719},"size":48.739891052246097,"orthographic":false}