{"cameraMode":{"drawMode":0,"name":"Shaded","section":"Shading Mode"},"sceneLighting":true,"audioPlay":false,"sceneViewState":{"showFog":true,"showMaterialUpdate":false,"showSkybox":true,"showFlares":true,"showImageEffects":true,"showParticleSystems":true},"in2DMode":false,"pivot":{"x":0.7089999914169312,"y":-0.4620000123977661,"z":-3.4000000953674318},"rotation":{"x":0.14224329590797425,"y":0.8367162346839905,"z":-0.4617930054664612,"w":0.2577275037765503},"size":3.0626277923583986,"orthographic":false}