{"cameraMode":{"drawMode":0,"name":"Shaded","section":"Shading Mode"},"sceneLighting":true,"audioPlay":false,"sceneViewState":{"showFog":true,"showMaterialUpdate":false,"showSkybox":true,"showFlares":true,"showImageEffects":true,"showParticleSystems":true},"in2DMode":false,"pivot":{"x":-6.4136810302734379,"y":1.0078325271606446,"z":-2.6209888458251955},"rotation":{"x":0.030515963211655618,"y":-0.9693365693092346,"z":0.17970910668373109,"w":0.16468924283981324},"size":9.55876350402832,"orthographic":false}