{"cameraMode":{"drawMode":0,"name":"Shaded","section":"Shading Mode"},"sceneLighting":true,"audioPlay":false,"sceneViewState":{"showFog":true,"showMaterialUpdate":false,"showSkybox":true,"showFlares":true,"showImageEffects":true,"showParticleSystems":true},"in2DMode":false,"pivot":{"x":-2.6899542808532717,"y":1.0690696239471436,"z":1.9848709106445313},"rotation":{"x":0.2481514811515808,"y":-0.36756226420402529,"z":0.10245487838983536,"w":0.8903830647468567},"size":2.8015623092651369,"orthographic":false}