{"cameraMode":{"drawMode":0,"name":"Shaded","section":"Shading Mode"},"sceneLighting":false,"audioPlay":false,"sceneViewState":{"showFog":true,"showMaterialUpdate":false,"showSkybox":true,"showFlares":true,"showImageEffects":true,"showParticleSystems":true},"in2DMode":false,"pivot":{"x":1.1138219833374024,"y":1.3489999771118165,"z":8.716959953308106},"rotation":{"x":0.07111481577157974,"y":0.9261894226074219,"z":-0.2225445806980133,"w":0.29597008228302},"size":4.86356782913208,"orthographic":false}