{"cameraMode":{"drawMode":0,"name":"Shaded","section":"Shading Mode"},"sceneLighting":true,"audioPlay":false,"sceneViewState":{"showFog":true,"showMaterialUpdate":false,"showSkybox":true,"showFlares":true,"showImageEffects":true,"showParticleSystems":true},"in2DMode":false,"pivot":{"x":6.325533866882324,"y":2.6779863834381105,"z":1.7874559164047242},"rotation":{"x":0.0988301932811737,"y":-0.7136049270629883,"z":0.10282721370458603,"w":0.6858750581741333},"size":0.23537540435791017,"orthographic":false}