{"cameraMode":{"drawMode":0,"name":"Shaded","section":"Shading Mode"},"sceneLighting":false,"audioPlay":false,"sceneViewState":{"showFog":true,"showMaterialUpdate":false,"showSkybox":true,"showFlares":true,"showImageEffects":true,"showParticleSystems":true},"in2DMode":false,"pivot":{"x":-2.7886338233947756,"y":0.3177626430988312,"z":7.589268207550049},"rotation":{"x":0.011281818151473999,"y":0.9872648119926453,"z":-0.08194294571876526,"w":0.1359070986509323},"size":0.9977811574935913,"orthographic":false}