{"cameraMode":{"drawMode":0,"name":"Shaded","section":"Shading Mode"},"sceneLighting":true,"audioPlay":false,"sceneViewState":{"showFog":true,"showMaterialUpdate":false,"showSkybox":true,"showFlares":true,"showImageEffects":true,"showParticleSystems":true},"in2DMode":false,"pivot":{"x":5.113696098327637,"y":-6.776440620422363,"z":-11.884674072265625},"rotation":{"x":0.025121521204710008,"y":-0.9356299042701721,"z":0.3454711139202118,"w":0.0680546686053276},"size":395.83941650390627,"orthographic":false}