{"cameraMode":{"drawMode":0,"name":"Shaded","section":"Shading Mode"},"sceneLighting":false,"audioPlay":false,"sceneViewState":{"showFog":true,"showMaterialUpdate":false,"showSkybox":true,"showFlares":true,"showImageEffects":true,"showParticleSystems":true},"in2DMode":false,"pivot":{"x":9.8533353805542,"y":-0.7642483711242676,"z":19.710969924926759},"rotation":{"x":0.10189108550548554,"y":-0.16492781043052674,"z":0.01717175357043743,"w":0.9809122681617737},"size":32.31509780883789,"orthographic":false}