{"cameraMode":{"drawMode":0,"name":"Shaded","section":"Shading Mode"},"sceneLighting":false,"audioPlay":false,"sceneViewState":{"showFog":true,"showMaterialUpdate":false,"showSkybox":true,"showFlares":true,"showImageEffects":true,"showParticleSystems":true},"in2DMode":false,"pivot":{"x":18.291828155517579,"y":0.7474070191383362,"z":25.94170379638672},"rotation":{"x":0.36646246910095217,"y":-0.5750160813331604,"z":0.3205750286579132,"w":0.6575385332107544},"size":2.2065751552581789,"orthographic":false}