{"cameraMode":{"drawMode":0,"name":"Shaded","section":"Shading Mode"},"sceneLighting":false,"audioPlay":false,"sceneViewState":{"showFog":true,"showMaterialUpdate":false,"showSkybox":true,"showFlares":true,"showImageEffects":true,"showParticleSystems":true},"in2DMode":false,"pivot":{"x":95.54681396484375,"y":1.4587221145629883,"z":24.191497802734376},"rotation":{"x":-0.13573014736175538,"y":0.17382633686065675,"z":-0.024183664470911027,"w":-0.9750690460205078},"size":0.48738205432891848,"orthographic":false}