{"cameraMode":{"drawMode":0,"name":"Shaded","section":"Shading Mode"},"sceneLighting":false,"audioPlay":false,"sceneViewState":{"showFog":true,"showMaterialUpdate":false,"showSkybox":true,"showFlares":true,"showImageEffects":true,"showParticleSystems":true},"in2DMode":false,"pivot":{"x":4.4444427490234379,"y":1.209367275238037,"z":6.013581275939941},"rotation":{"x":0.07204101234674454,"y":0.8411875367164612,"z":-0.11580443382263184,"w":0.5232725739479065},"size":4.483621120452881,"orthographic":false}