{"cameraMode":{"drawMode":0,"name":"Shaded","section":"Shading Mode"},"sceneLighting":false,"audioPlay":false,"sceneViewState":{"showFog":true,"showMaterialUpdate":false,"showSkybox":true,"showFlares":true,"showImageEffects":true,"showParticleSystems":true},"in2DMode":false,"pivot":{"x":-2.029998779296875,"y":-5.669517517089844,"z":-5.214052200317383},"rotation":{"x":-0.020923759788274766,"y":0.9324996471405029,"z":-0.05460694804787636,"w":-0.3568306267261505},"size":5.849941730499268,"orthographic":false}