{"cameraMode":{"drawMode":0,"name":"Shaded","section":"Shading Mode"},"sceneLighting":false,"audioPlay":false,"sceneViewState":{"showFog":true,"showMaterialUpdate":false,"showSkybox":true,"showFlares":true,"showImageEffects":true,"showParticleSystems":true},"in2DMode":false,"pivot":{"x":95.4800033569336,"y":1.7995655536651612,"z":24.270000457763673},"rotation":{"x":-0.13573014736175538,"y":0.17382633686065675,"z":-0.024183664470911027,"w":-0.9750690460205078},"size":1.9873820543289185,"orthographic":false}