{"cameraMode":{"drawMode":0,"name":"Shaded","section":"Shading Mode"},"sceneLighting":false,"audioPlay":false,"sceneViewState":{"showFog":true,"showMaterialUpdate":false,"showSkybox":true,"showFlares":true,"showImageEffects":true,"showParticleSystems":true},"in2DMode":false,"pivot":{"x":550.7100219726563,"y":169.74000549316407,"z":-114.41000366210938},"rotation":{"x":0.30537259578704836,"y":0.05312725529074669,"z":-0.017017049714922906,"w":0.9506483674049377},"size":7.025861740112305,"orthographic":false}