{"cameraMode":{"drawMode":0,"name":"Shaded","section":"Shading Mode"},"sceneLighting":false,"audioPlay":false,"sceneViewState":{"showFog":false,"showMaterialUpdate":false,"showSkybox":false,"showFlares":false,"showImageEffects":false,"showParticleSystems":false},"in2DMode":false,"pivot":{"x":-11.66273021697998,"y":-3.266265869140625,"z":-18.123106002807618},"rotation":{"x":0.2732774317264557,"y":-0.10918082296848297,"z":0.03146573528647423,"w":0.9550979733467102},"size":25.02631378173828,"orthographic":false}