{"cameraMode":{"drawMode":0,"name":"Shaded","section":"Shading Mode"},"sceneLighting":true,"audioPlay":false,"sceneViewState":{"showFog":true,"showMaterialUpdate":false,"showSkybox":true,"showFlares":true,"showImageEffects":true,"showParticleSystems":true},"in2DMode":false,"pivot":{"x":-8.231508255004883,"y":1.249100923538208,"z":6.017136573791504},"rotation":{"x":-0.14011254906654359,"y":0.6140808463096619,"z":-0.1119387149810791,"w":-0.7686143517494202},"size":1.1005268096923829,"orthographic":false}