{"cameraMode":{"drawMode":0,"name":"Shaded","section":"Shading Mode"},"sceneLighting":false,"audioPlay":false,"sceneViewState":{"showFog":false,"showMaterialUpdate":false,"showSkybox":false,"showFlares":false,"showImageEffects":false,"showParticleSystems":false},"in2DMode":false,"pivot":{"x":8.608596801757813,"y":-37.48887634277344,"z":33.65169143676758},"rotation":{"x":-0.32383713126182558,"y":0.07465779036283493,"z":-0.02581755258142948,"w":-0.9426926970481873},"size":115.52589416503906,"orthographic":false}