{"cameraMode":{"drawMode":0,"name":"Shaded","section":"Shading Mode"},"sceneLighting":true,"audioPlay":false,"sceneViewState":{"showFog":true,"showMaterialUpdate":false,"showSkybox":true,"showFlares":true,"showImageEffects":true,"showParticleSystems":true},"in2DMode":false,"pivot":{"x":25.283960342407228,"y":-6.014031410217285,"z":-24.6712703704834},"rotation":{"x":0.009466315619647503,"y":-0.9879183173179627,"z":0.14503061771392823,"w":0.05917707085609436},"size":39.04277801513672,"orthographic":false}