{"cameraMode":{"drawMode":0,"name":"Shaded","section":"Shading Mode"},"sceneLighting":true,"audioPlay":false,"sceneViewState":{"showFog":true,"showMaterialUpdate":false,"showSkybox":true,"showFlares":true,"showImageEffects":true,"showParticleSystems":true},"in2DMode":false,"pivot":{"x":-4.381503582000732,"y":3.920623302459717,"z":-33.339176177978519},"rotation":{"x":0.08108527213335037,"y":0.7958909273147583,"z":-0.1092926636338234,"w":0.5900794863700867},"size":8.37132740020752,"orthographic":false}