{"cameraMode":{"drawMode":0,"name":"Shaded","section":"Shading Mode"},"sceneLighting":false,"audioPlay":false,"sceneViewState":{"showFog":true,"showMaterialUpdate":false,"showSkybox":true,"showFlares":true,"showImageEffects":true,"showParticleSystems":true},"in2DMode":false,"pivot":{"x":-7.69006872177124,"y":6.927793979644775,"z":21.990760803222658},"rotation":{"x":0.056252021342515948,"y":0.9436283707618713,"z":-0.2375340759754181,"w":0.22327852249145509},"size":13.111549377441407,"orthographic":false}