{"cameraMode":{"drawMode":0,"name":"Shaded","section":"Shading Mode"},"sceneLighting":false,"audioPlay":false,"sceneViewState":{"showFog":true,"showMaterialUpdate":false,"showSkybox":true,"showFlares":true,"showImageEffects":true,"showParticleSystems":true},"in2DMode":false,"pivot":{"x":24.302753448486329,"y":-63.6368522644043,"z":-58.10197067260742},"rotation":{"x":-0.06431137770414353,"y":-0.9227481484413147,"z":0.3363286554813385,"w":-0.1766388714313507},"size":131.9919891357422,"orthographic":false}