{"cameraMode":{"drawMode":0,"name":"Shaded","section":"Shading Mode"},"sceneLighting":false,"audioPlay":false,"sceneViewState":{"showFog":true,"showMaterialUpdate":false,"showSkybox":true,"showFlares":true,"showImageEffects":true,"showParticleSystems":true},"in2DMode":false,"pivot":{"x":-3.873321533203125,"y":1.30999755859375,"z":-8.57800006866455},"rotation":{"x":0.0010515914764255286,"y":-0.9938023090362549,"z":0.11107952147722244,"w":0.009266739711165429},"size":5.849941730499268,"orthographic":false}