{"cameraMode":{"drawMode":0,"name":"Shaded","section":"Shading Mode"},"sceneLighting":true,"audioPlay":false,"sceneViewState":{"showFog":true,"showMaterialUpdate":false,"showSkybox":true,"showFlares":true,"showImageEffects":true,"showParticleSystems":true},"in2DMode":false,"pivot":{"x":54.993621826171878,"y":10.1386079788208,"z":17.46295928955078},"rotation":{"x":0.05566774681210518,"y":0.03543290123343468,"z":-0.004607603419572115,"w":0.9981544017791748},"size":5.912353038787842,"orthographic":false}