{"cameraMode":{"drawMode":0,"name":"Shaded","section":"Shading Mode"},"sceneLighting":true,"audioPlay":false,"sceneViewState":{"showFog":true,"showMaterialUpdate":false,"showSkybox":true,"showFlares":true,"showImageEffects":true,"showParticleSystems":true},"in2DMode":false,"pivot":{"x":6.9583234786987309,"y":1.060999870300293,"z":6.571839332580566},"rotation":{"x":-0.04201057180762291,"y":-0.759444534778595,"z":0.049292225390672687,"w":-0.6473607420921326},"size":4.2418131828308109,"orthographic":false}