{"cameraMode":{"drawMode":0,"name":"Shaded","section":"Shading Mode"},"sceneLighting":true,"audioPlay":false,"sceneViewState":{"showFog":true,"showMaterialUpdate":false,"showSkybox":true,"showFlares":true,"showImageEffects":true,"showParticleSystems":true},"in2DMode":false,"pivot":{"x":1.2543315887451172,"y":1.78148353099823,"z":5.757773399353027},"rotation":{"x":-0.05115073546767235,"y":-0.580549418926239,"z":0.037247493863105777,"w":-0.8120126724243164},"size":13.68655014038086,"orthographic":false}