{"cameraMode":{"drawMode":0,"name":"Shaded","section":"Shading Mode"},"sceneLighting":false,"audioPlay":false,"sceneViewState":{"showFog":true,"showMaterialUpdate":false,"showSkybox":true,"showFlares":true,"showImageEffects":true,"showParticleSystems":true},"in2DMode":false,"pivot":{"x":-2.2351741790771486e-8,"y":-0.03274380415678024,"z":0.07703312486410141},"rotation":{"x":-0.5140340328216553,"y":-0.09209530055522919,"z":0.05611829832196236,"w":-0.8512281179428101},"size":0.4356096386909485,"orthographic":false}