{"cameraMode":{"drawMode":0,"name":"Shaded","section":"Shading Mode"},"sceneLighting":true,"audioPlay":false,"sceneViewState":{"showFog":true,"showMaterialUpdate":false,"showSkybox":true,"showFlares":true,"showImageEffects":true,"showParticleSystems":true},"in2DMode":false,"pivot":{"x":-23.850406646728517,"y":2.5620126724243166,"z":3.0363636016845705},"rotation":{"x":0.007605020422488451,"y":0.9853726029396057,"z":-0.16296377778053285,"w":0.05605114623904228},"size":1.5563828945159913,"orthographic":false}