{"cameraMode":{"drawMode":0,"name":"Shaded","section":"Shading Mode"},"sceneLighting":false,"audioPlay":false,"sceneViewState":{"showFog":true,"showMaterialUpdate":false,"showSkybox":true,"showFlares":true,"showImageEffects":true,"showParticleSystems":true},"in2DMode":false,"pivot":{"x":3.1257998943328859,"y":0.2630000114440918,"z":-0.058699995279312137},"rotation":{"x":0.12635305523872376,"y":-0.654829204082489,"z":0.11223175376653671,"w":0.736679196357727},"size":2.973931074142456,"orthographic":false}