{"cameraMode":{"drawMode":0,"name":"Shaded","section":"Shading Mode"},"sceneLighting":false,"audioPlay":false,"sceneViewState":{"showFog":true,"showMaterialUpdate":false,"showSkybox":true,"showFlares":true,"showImageEffects":true,"showParticleSystems":true},"in2DMode":false,"pivot":{"x":-28.25056266784668,"y":-21.335744857788087,"z":-58.136234283447269},"rotation":{"x":0.05465277284383774,"y":-0.9434508085250855,"z":0.19843100011348725,"w":0.2597969174385071},"size":61.87148666381836,"orthographic":false}