{"cameraMode":{"drawMode":0,"name":"Shaded","section":"Shading Mode"},"sceneLighting":true,"audioPlay":false,"sceneViewState":{"showFog":true,"showMaterialUpdate":false,"showSkybox":true,"showFlares":true,"showImageEffects":true,"showParticleSystems":true},"in2DMode":false,"pivot":{"x":20.176481246948243,"y":11.126395225524903,"z":20.132761001586915},"rotation":{"x":-0.007120391353964806,"y":-0.8848156929016113,"z":0.4657166600227356,"w":-0.013547402806580067},"size":27.581594467163087,"orthographic":false}