{"cameraMode":{"drawMode":0,"name":"Shaded","section":"Shading Mode"},"sceneLighting":true,"audioPlay":false,"sceneViewState":{"showFog":true,"showMaterialUpdate":false,"showSkybox":true,"showFlares":true,"showImageEffects":true,"showParticleSystems":true},"in2DMode":false,"pivot":{"x":18.76222801208496,"y":-2.9165496826171877,"z":10.890897750854493},"rotation":{"x":-0.2388913333415985,"y":-0.06070973351597786,"z":0.017806116491556169,"w":-0.9693408608436585},"size":13.440698623657227,"orthographic":false}