{"cameraMode":{"drawMode":0,"name":"Shaded","section":"Shading Mode"},"sceneLighting":true,"audioPlay":false,"sceneViewState":{"showFog":true,"showMaterialUpdate":false,"showSkybox":true,"showFlares":true,"showImageEffects":true,"showParticleSystems":true},"in2DMode":false,"pivot":{"x":17.108470916748048,"y":2.9977569580078127,"z":-14.451688766479493},"rotation":{"x":0.06389614194631577,"y":-0.8772982358932495,"z":0.11717356741428375,"w":0.4617112874984741},"size":46.115318298339847,"orthographic":false}