{"cameraMode":{"drawMode":0,"name":"Shaded","section":"Shading Mode"},"sceneLighting":true,"audioPlay":false,"sceneViewState":{"showFog":true,"showMaterialUpdate":false,"showSkybox":true,"showFlares":true,"showImageEffects":true,"showParticleSystems":true},"in2DMode":false,"pivot":{"x":17.135568618774415,"y":-1.7237398624420167,"z":4.650132656097412},"rotation":{"x":0.27575698494911196,"y":0.005274360999464989,"z":-0.003143876791000366,"w":0.9615240693092346},"size":7.170351505279541,"orthographic":false}