{"cameraMode":{"drawMode":0,"name":"Shaded","section":"Shading Mode"},"sceneLighting":false,"audioPlay":false,"sceneViewState":{"showFog":true,"showMaterialUpdate":false,"showSkybox":true,"showFlares":true,"showImageEffects":true,"showParticleSystems":true},"in2DMode":false,"pivot":{"x":-49.852813720703128,"y":-47.548465728759769,"z":-80.6476821899414},"rotation":{"x":0.04955712705850601,"y":-0.9499563574790955,"z":0.20157590508460999,"w":0.23324738442897798},"size":131.72470092773438,"orthographic":false}