{"cameraMode":{"drawMode":0,"name":"Shaded","section":"Shading Mode"},"sceneLighting":false,"audioPlay":false,"sceneViewState":{"showFog":true,"showMaterialUpdate":false,"showSkybox":true,"showFlares":true,"showImageEffects":true,"showParticleSystems":true},"in2DMode":false,"pivot":{"x":-18.729000091552736,"y":-1.7979998588562012,"z":14.710000991821289},"rotation":{"x":0.08237467706203461,"y":0.027800075709819795,"z":-0.0022980840876698496,"w":0.9962145686149597},"size":7.055078983306885,"orthographic":false}