{"cameraMode":{"drawMode":0,"name":"Shaded","section":"Shading Mode"},"sceneLighting":true,"audioPlay":false,"sceneViewState":{"showFog":true,"showMaterialUpdate":false,"showSkybox":true,"showFlares":true,"showImageEffects":true,"showParticleSystems":true},"in2DMode":false,"pivot":{"x":4.763476848602295,"y":1.9060661792755128,"z":5.0932488441467289},"rotation":{"x":-0.11352120339870453,"y":-0.6447871327400208,"z":0.09765413403511048,"w":-0.7495524883270264},"size":0.08962583541870117,"orthographic":false}