{"cameraMode":{"drawMode":0,"name":"Shaded","section":"Shading Mode"},"sceneLighting":true,"audioPlay":false,"sceneViewState":{"showFog":true,"showMaterialUpdate":false,"showSkybox":true,"showFlares":true,"showImageEffects":true,"showParticleSystems":true},"in2DMode":false,"pivot":{"x":533.4636840820313,"y":313.3327941894531,"z":256.8724670410156},"rotation":{"x":-0.1333848387002945,"y":-0.017399143427610399,"z":0.005084390286356211,"w":-0.991258442401886},"size":1125.4774169921875,"orthographic":false}