{"cameraMode":{"drawMode":0,"name":"Shaded","section":"Shading Mode"},"sceneLighting":true,"audioPlay":false,"sceneViewState":{"showFog":true,"showMaterialUpdate":false,"showSkybox":true,"showFlares":true,"showImageEffects":true,"showParticleSystems":true},"in2DMode":false,"pivot":{"x":7.850307464599609,"y":4.053290367126465,"z":4.773462772369385},"rotation":{"x":-0.022302279248833658,"y":0.7800416350364685,"z":0.027856264263391496,"w":0.6247500777244568},"size":9.805174827575684,"orthographic":false}