{"cameraMode":{"drawMode":0,"name":"Shaded","section":"Shading Mode"},"sceneLighting":false,"audioPlay":false,"sceneViewState":{"showFog":true,"showMaterialUpdate":false,"showSkybox":true,"showFlares":true,"showImageEffects":true,"showParticleSystems":true},"in2DMode":false,"pivot":{"x":4.653212070465088,"y":3.614107847213745,"z":4.382229804992676},"rotation":{"x":-0.00003256809577578679,"y":0.9999649524688721,"z":-0.0078094894997775558,"w":-0.004514133557677269},"size":10.229718208312989,"orthographic":false}