{"cameraMode":{"drawMode":0,"name":"Shaded","section":"Shading Mode"},"sceneLighting":true,"audioPlay":false,"sceneViewState":{"showFog":true,"showMaterialUpdate":false,"showSkybox":true,"showFlares":true,"showImageEffects":true,"showParticleSystems":true},"in2DMode":false,"pivot":{"x":0.384593665599823,"y":0.15022730827331544,"z":4.285300254821777},"rotation":{"x":-0.6241759657859802,"y":0.0033096633851528169,"z":-0.0007620610995218158,"w":-0.781710147857666},"size":6.361330986022949,"orthographic":false}