{"cameraMode":{"drawMode":0,"name":"Shaded","section":"Shading Mode"},"sceneLighting":false,"audioPlay":false,"sceneViewState":{"showFog":true,"showMaterialUpdate":false,"showSkybox":true,"showFlares":true,"showImageEffects":true,"showParticleSystems":true},"in2DMode":false,"pivot":{"x":35.31999969482422,"y":23.098846435546876,"z":-36.85961151123047},"rotation":{"x":0.14951303601264954,"y":-0.4686417281627655,"z":0.07888765633106232,"w":0.8674128651618958},"size":98.23143768310547,"orthographic":false}