{"cameraMode":{"drawMode":0,"name":"Shaded","section":"Shading Mode"},"sceneLighting":true,"audioPlay":false,"sceneViewState":{"showFog":true,"showMaterialUpdate":false,"showSkybox":true,"showFlares":true,"showImageEffects":true,"showParticleSystems":true},"in2DMode":false,"pivot":{"x":16.979999542236329,"y":0.6800000667572022,"z":-14.960000038146973},"rotation":{"x":-0.05773387476801872,"y":-0.8514569997787476,"z":0.10015496611595154,"w":-0.5121560096740723},"size":7.363593578338623,"orthographic":false}