{"cameraMode":{"drawMode":0,"name":"Shaded","section":"Shading Mode"},"sceneLighting":false,"audioPlay":false,"sceneViewState":{"showFog":true,"showMaterialUpdate":false,"showSkybox":true,"showFlares":true,"showImageEffects":true,"showParticleSystems":true},"in2DMode":false,"pivot":{"x":18.910003662109376,"y":0.9800000190734863,"z":-16.069997787475587},"rotation":{"x":0.0010515914764255286,"y":-0.9938023090362549,"z":0.11107952147722244,"w":0.009266739711165429},"size":10.757974624633789,"orthographic":false}