{"cameraMode":{"drawMode":0,"name":"Shaded","section":"Shading Mode"},"sceneLighting":false,"audioPlay":false,"sceneViewState":{"showFog":false,"showMaterialUpdate":false,"showSkybox":false,"showFlares":false,"showImageEffects":false,"showParticleSystems":false},"in2DMode":false,"pivot":{"x":-23.16053009033203,"y":-8.121993064880371,"z":-35.75163269042969},"rotation":{"x":-0.05824645981192589,"y":0.908110499382019,"z":-0.13535745441913606,"w":-0.3917098045349121},"size":39.11337661743164,"orthographic":false}