{"cameraMode":{"drawMode":0,"name":"Shaded","section":"Shading Mode"},"sceneLighting":true,"audioPlay":false,"sceneViewState":{"showFog":true,"showMaterialUpdate":false,"showSkybox":true,"showFlares":true,"showImageEffects":true,"showParticleSystems":true},"in2DMode":false,"pivot":{"x":17.625911712646486,"y":-1.024034023284912,"z":2.782181739807129},"rotation":{"x":-0.1565989851951599,"y":0.2097010314464569,"z":-0.03360744193196297,"w":-0.9648647904396057},"size":16.056255340576173,"orthographic":false}