{"cameraMode":{"drawMode":0,"name":"Shaded","section":"Shading Mode"},"sceneLighting":true,"audioPlay":false,"sceneViewState":{"showFog":true,"showMaterialUpdate":false,"showSkybox":true,"showFlares":true,"showImageEffects":true,"showParticleSystems":true},"in2DMode":false,"pivot":{"x":-2019.999267578125,"y":133.65304565429688,"z":340.12548828125},"rotation":{"x":0.004581172950565815,"y":-0.9607135057449341,"z":0.008363468572497368,"w":0.2785540819168091},"size":1840.61474609375,"orthographic":false}