{"cameraMode":{"drawMode":0,"name":"Shaded","section":"Shading Mode"},"sceneLighting":true,"audioPlay":false,"sceneViewState":{"showFog":true,"showMaterialUpdate":false,"showSkybox":true,"showFlares":true,"showImageEffects":true,"showParticleSystems":true},"in2DMode":false,"pivot":{"x":10.197610855102539,"y":1.3041528463363648,"z":8.586262702941895},"rotation":{"x":0.12002573907375336,"y":0.4326949715614319,"z":-0.05824431777000427,"w":0.8916206359863281},"size":3.876927614212036,"orthographic":false}