{"cameraMode":{"drawMode":0,"name":"Shaded","section":"Shading Mode"},"sceneLighting":true,"audioPlay":false,"sceneViewState":{"showFog":false,"showMaterialUpdate":false,"showSkybox":false,"showFlares":false,"showImageEffects":false,"showParticleSystems":false},"in2DMode":false,"pivot":{"x":19.342021942138673,"y":-59.308135986328128,"z":157.25160217285157},"rotation":{"x":-0.22627417743206025,"y":-0.018255997449159623,"z":0.004125652369111776,"w":-0.9737926125526428},"size":144.30096435546876,"orthographic":false}