{"cameraMode":{"drawMode":0,"name":"Shaded","section":"Shading Mode"},"sceneLighting":true,"audioPlay":false,"sceneViewState":{"showFog":true,"showMaterialUpdate":false,"showSkybox":true,"showFlares":true,"showImageEffects":true,"showParticleSystems":true},"in2DMode":false,"pivot":{"x":9.114828109741211,"y":1.3216032981872559,"z":-0.38034316897392275},"rotation":{"x":-0.04201057180762291,"y":-0.759444534778595,"z":0.049292225390672687,"w":-0.6473607420921326},"size":4.299472808837891,"orthographic":false}