{"cameraMode":{"drawMode":0,"name":"Shaded","section":"Shading Mode"},"sceneLighting":true,"audioPlay":false,"sceneViewState":{"showFog":true,"showMaterialUpdate":false,"showSkybox":true,"showFlares":true,"showImageEffects":true,"showParticleSystems":true},"in2DMode":false,"pivot":{"x":-3.690000057220459,"y":4.010000228881836,"z":10.170241355895996},"rotation":{"x":-0.2585062086582184,"y":0.7053490281105042,"z":-0.3139594495296478,"w":-0.5806546211242676},"size":2.548708438873291,"orthographic":false}