{"cameraMode":{"drawMode":0,"name":"Shaded","section":"Shading Mode"},"sceneLighting":true,"audioPlay":false,"sceneViewState":{"showFog":true,"showMaterialUpdate":false,"showSkybox":true,"showFlares":true,"showImageEffects":true,"showParticleSystems":true},"in2DMode":false,"pivot":{"x":-25.773771286010743,"y":0.6261796951293945,"z":-1.5376012325286866},"rotation":{"x":-0.02631392702460289,"y":-0.9677333831787109,"z":0.220464289188385,"w":-0.1221986711025238},"size":1.530289649963379,"orthographic":false}