{"cameraMode":{"drawMode":0,"name":"Shaded","section":"Shading Mode"},"sceneLighting":false,"audioPlay":false,"sceneViewState":{"showFog":true,"showMaterialUpdate":false,"showSkybox":true,"showFlares":true,"showImageEffects":true,"showParticleSystems":true},"in2DMode":false,"pivot":{"x":8.880000114440918,"y":-4.680000305175781,"z":-2.4300003051757814},"rotation":{"x":-0.05651073902845383,"y":-0.8873535394668579,"z":0.11293267458677292,"w":-0.44377782940864565},"size":11.411596298217774,"orthographic":false}