{"cameraMode":{"drawMode":0,"name":"Shaded","section":"Shading Mode"},"sceneLighting":false,"audioPlay":false,"sceneViewState":{"showFog":true,"showMaterialUpdate":false,"showSkybox":true,"showFlares":true,"showImageEffects":true,"showParticleSystems":true},"in2DMode":false,"pivot":{"x":9.72269344329834,"y":-14.801349639892579,"z":36.29327392578125},"rotation":{"x":0.2918960154056549,"y":-0.12407195568084717,"z":0.038211289793252948,"w":0.9476110339164734},"size":54.08238220214844,"orthographic":false}