{"cameraMode":{"drawMode":0,"name":"Shaded","section":"Shading Mode"},"sceneLighting":false,"audioPlay":false,"sceneViewState":{"showFog":true,"showMaterialUpdate":false,"showSkybox":true,"showFlares":true,"showImageEffects":true,"showParticleSystems":true},"in2DMode":false,"pivot":{"x":-6.654046058654785,"y":1.4780917167663575,"z":13.294286727905274},"rotation":{"x":-0.1413804441690445,"y":0.7063034772872925,"z":-0.1476011574268341,"w":-0.6779614090919495},"size":10.743610382080079,"orthographic":false}