{"cameraMode":{"drawMode":0,"name":"Shaded","section":"Shading Mode"},"sceneLighting":true,"audioPlay":false,"sceneViewState":{"showFog":true,"showMaterialUpdate":false,"showSkybox":true,"showFlares":true,"showImageEffects":true,"showParticleSystems":true},"in2DMode":false,"pivot":{"x":45.81338119506836,"y":2.0235824584960939,"z":-17.548093795776368},"rotation":{"x":-0.07325705885887146,"y":0.9036363363265991,"z":-0.17173552513122559,"w":-0.38546326756477358},"size":2.791857957839966,"orthographic":false}