{"cameraMode":{"drawMode":0,"name":"Shaded","section":"Shading Mode"},"sceneLighting":false,"audioPlay":false,"sceneViewState":{"showFog":true,"showMaterialUpdate":false,"showSkybox":true,"showFlares":true,"showImageEffects":true,"showParticleSystems":true},"in2DMode":false,"pivot":{"x":-13.783100128173829,"y":1.3559999465942383,"z":-16.382999420166017},"rotation":{"x":0.2918960154056549,"y":-0.12407195568084717,"z":0.038211289793252948,"w":0.9476110339164734},"size":0.5343273282051086,"orthographic":false}