{"cameraMode":{"drawMode":0,"name":"Shaded","section":"Shading Mode"},"sceneLighting":true,"audioPlay":false,"sceneViewState":{"showFog":true,"showMaterialUpdate":false,"showSkybox":true,"showFlares":true,"showImageEffects":true,"showParticleSystems":true},"in2DMode":false,"pivot":{"x":46.755130767822269,"y":0.3709297180175781,"z":-20.662395477294923},"rotation":{"x":0.08169453591108322,"y":0.8489503264427185,"z":-0.13772393763065339,"w":0.503791868686676},"size":90.60588073730469,"orthographic":false}