{"cameraMode":{"drawMode":0,"name":"Shaded","section":"Shading Mode"},"sceneLighting":false,"audioPlay":false,"sceneViewState":{"showFog":true,"showMaterialUpdate":false,"showSkybox":true,"showFlares":true,"showImageEffects":true,"showParticleSystems":true},"in2DMode":false,"pivot":{"x":-10.901409149169922,"y":-1.5067795515060425,"z":10.666264533996582},"rotation":{"x":-0.19148246943950654,"y":0.8083816170692444,"z":-0.38483375310897829,"w":-0.40222257375717165},"size":8.472272872924805,"orthographic":false}