{"cameraMode":{"drawMode":0,"name":"Shaded","section":"Shading Mode"},"sceneLighting":true,"audioPlay":false,"sceneViewState":{"showFog":true,"showMaterialUpdate":false,"showSkybox":true,"showFlares":true,"showImageEffects":true,"showParticleSystems":true},"in2DMode":false,"pivot":{"x":17.905900955200197,"y":1.1757553815841675,"z":26.3039608001709},"rotation":{"x":-0.12942233681678773,"y":0.8436236381530762,"z":-0.23525825142860413,"w":-0.465236097574234},"size":1.4487727880477906,"orthographic":false}