{"cameraMode":{"drawMode":0,"name":"Shaded","section":"Shading Mode"},"sceneLighting":true,"audioPlay":false,"sceneViewState":{"showFog":true,"showMaterialUpdate":false,"showSkybox":true,"showFlares":true,"showImageEffects":true,"showParticleSystems":true},"in2DMode":false,"pivot":{"x":18.834434509277345,"y":1.8274345397949219,"z":5.23233699798584},"rotation":{"x":0.29640159010887148,"y":-0.14935457706451417,"z":0.04726449400186539,"w":0.94225013256073},"size":4.65151309967041,"orthographic":false}