{"cameraMode":{"drawMode":0,"name":"Shaded","section":"Shading Mode"},"sceneLighting":true,"audioPlay":false,"sceneViewState":{"showFog":true,"showMaterialUpdate":false,"showSkybox":true,"showFlares":true,"showImageEffects":true,"showParticleSystems":true},"in2DMode":false,"pivot":{"x":16.979999542236329,"y":1.0299999713897706,"z":-14.960000038146973},"rotation":{"x":0.06254357099533081,"y":0.9066017270088196,"z":-0.1441972255706787,"w":0.3919738233089447},"size":9.921788215637207,"orthographic":false}