{"cameraMode":{"drawMode":0,"name":"Shaded","section":"Shading Mode"},"sceneLighting":false,"audioPlay":false,"sceneViewState":{"showFog":true,"showMaterialUpdate":false,"showSkybox":true,"showFlares":true,"showImageEffects":true,"showParticleSystems":true},"in2DMode":false,"pivot":{"x":-2.6105494499206545,"y":0.46786826848983767,"z":-0.7035007476806641},"rotation":{"x":-0.29964321851730349,"y":-0.15786267817020417,"z":0.05033043399453163,"w":-0.9395906925201416},"size":22.76313591003418,"orthographic":false}