{"cameraMode":{"drawMode":0,"name":"Shaded","section":"Shading Mode"},"sceneLighting":true,"audioPlay":false,"sceneViewState":{"showFog":true,"showMaterialUpdate":false,"showSkybox":true,"showFlares":true,"showImageEffects":true,"showParticleSystems":true},"in2DMode":false,"pivot":{"x":-18.843868255615236,"y":-21.18726921081543,"z":26.2336483001709},"rotation":{"x":0.21428191661834718,"y":-0.40286511182785036,"z":0.09743517637252808,"w":0.8845239281654358},"size":73.15238189697266,"orthographic":false}