{"cameraMode":{"drawMode":0,"name":"Shaded","section":"Shading Mode"},"sceneLighting":false,"audioPlay":false,"sceneViewState":{"showFog":true,"showMaterialUpdate":false,"showSkybox":true,"showFlares":true,"showImageEffects":true,"showParticleSystems":true},"in2DMode":false,"pivot":{"x":11.23204231262207,"y":1.145594596862793,"z":3.0029475688934328},"rotation":{"x":-0.12944692373275758,"y":-0.4853271543979645,"z":0.07290095835924149,"w":-0.8616594076156616},"size":3.712061643600464,"orthographic":false}